SET SQL_SAFE_UPDATES = 0; -- 关闭安全模式

DELETE FROM `sys_user`;
DELETE FROM `sys_resource`;
DELETE FROM `sys_role`;
DELETE FROM `sys_user_role`;
DELETE FROM `sys_role_resource`;
DELETE FROM `sys_session`;
DELETE FROM `patent_demand`;
DELETE FROM `patent_supply`;
DELETE FROM `patent_sale`;
DELETE FROM `sys_patent`;
DELETE FROM `patent_demand_query`;
DELETE FROM `patent_supply_query`;

INSERT INTO `patent`.`sys_patent` (`id`, `name`, `type`, `law_status`) VALUES ('2017102343712', '一种冰箱制冷压缩机', '1', '2');
INSERT INTO `patent`.`sys_patent` (`id`, `name`, `type`, `law_status`) VALUES ('2017102343723', '基于制冷器械的空调', '1', '1');
INSERT INTO `patent`.`sys_patent` (`id`, `name`, `type`, `law_status`) VALUES ('2017102343733', '一种用于生物冷藏的制冷方法', '2', '1');
INSERT INTO `patent`.`sys_patent` (`id`, `name`, `type`, `law_status`) VALUES ('2017102343743', '一种汽车尾气处理液', '1', '1');
INSERT INTO `patent`.`sys_patent` (`id`, `name`, `type`, `law_status`) VALUES ('2017102343756', '一种新型电蚊拍', '1', '2');
INSERT INTO `patent`.`sys_patent` (`id`, `name`, `type`, `law_status`) VALUES ('2017102343763', '一种高强度钻井装置', '3', '2');
INSERT INTO `patent`.`sys_patent` (`id`, `name`, `type`, `law_status`) VALUES ('2017102343771', '基于稻壳的乳猪饲料', '1', '1');
INSERT INTO `patent`.`sys_patent` (`id`, `name`, `type`, `law_status`) VALUES ('2017102343782', '一种方便携带的铁罐盒', '1', '2');

INSERT INTO `patent`.`sys_role` (`id`, `role`, `description`, `is_available`) VALUES ('1', 'admin', '系统管理员', '1');
INSERT INTO `patent`.`sys_role` (`id`, `role`, `description`, `is_available`) VALUES ('2', 'staff', '企业职员', '1');
INSERT INTO `patent`.`sys_role` (`id`, `role`, `description`, `is_available`) VALUES ('3', 'peer', '同行', '1');
INSERT INTO `patent`.`sys_role` (`id`, `role`, `description`, `is_available`) VALUES ('4', 'visitor', '游客用户', '1');

INSERT INTO `patent`.`sys_resource` (`id`, `name`, `is_available`) VALUES ('1', '资源', '1');
INSERT INTO `patent`.`sys_resource` (`id`, `name`, `parent_id`, `permission`, `is_available`) VALUES ('10', '用户管理', '1', 'user:*', '1');
INSERT INTO `patent`.`sys_resource` (`id`, `name`, `parent_id`, `permission`, `is_available`) VALUES ('11', '用户添加', '10', 'user:add', '1');
INSERT INTO `patent`.`sys_resource` (`id`, `name`, `parent_id`, `permission`, `is_available`) VALUES ('12', '用户删除', '10', 'user:delete', '1');
INSERT INTO `patent`.`sys_resource` (`id`, `name`, `parent_id`, `permission`, `is_available`) VALUES ('13', '用户修改', '10', 'user:modify', '1');
INSERT INTO `patent`.`sys_resource` (`id`, `name`, `parent_id`, `permission`, `is_available`) VALUES ('14', '用户查询', '10', 'user:query', '1');
INSERT INTO `patent`.`sys_resource` (`id`, `name`, `parent_id`, `permission`, `is_available`) VALUES ('15', '用户列表', '10', 'user:list', '1');
INSERT INTO `patent`.`sys_resource` (`id`, `name`, `parent_id`, `permission`, `is_available`) VALUES ('20', '专利管理', '1', 'patent:*', '1');
INSERT INTO `patent`.`sys_resource` (`id`, `name`, `parent_id`, `permission`, `is_available`) VALUES ('21', '专利添加', '20', 'patent:add', '1');
INSERT INTO `patent`.`sys_resource` (`id`, `name`, `parent_id`, `permission`, `is_available`) VALUES ('22', '专利删除', '20', 'patent:delete', '1');
INSERT INTO `patent`.`sys_resource` (`id`, `name`, `parent_id`, `permission`, `is_available`) VALUES ('23', '专利修改', '20', 'patent:modify', '1');
INSERT INTO `patent`.`sys_resource` (`id`, `name`, `parent_id`, `permission`, `is_available`) VALUES ('24', '专利查询', '20', 'patent:query', '1');
INSERT INTO `patent`.`sys_resource` (`id`, `name`, `parent_id`, `permission`, `is_available`) VALUES ('25', '专利列表', '20', 'patent:list', '1');
INSERT INTO `patent`.`sys_resource` (`id`, `name`, `parent_id`, `permission`, `is_available`) VALUES ('26', '专利批量导入', '20', 'patent:import', '1');
INSERT INTO `patent`.`sys_resource` (`id`, `name`, `parent_id`, `permission`, `is_available`) VALUES ('30', '需求管理', '1', 'demand:*', '1');
INSERT INTO `patent`.`sys_resource` (`id`, `name`, `parent_id`, `permission`, `is_available`) VALUES ('31', '需求添加', '30', 'demand:add', '1');
INSERT INTO `patent`.`sys_resource` (`id`, `name`, `parent_id`, `permission`, `is_available`) VALUES ('32', '需求删除', '30', 'demand:delete', '1');
INSERT INTO `patent`.`sys_resource` (`id`, `name`, `parent_id`, `permission`, `is_available`) VALUES ('33', '需求修改', '30', 'demand:modify', '1');
INSERT INTO `patent`.`sys_resource` (`id`, `name`, `parent_id`, `permission`, `is_available`) VALUES ('34', '需求查询', '30', 'demand:query', '1');
INSERT INTO `patent`.`sys_resource` (`id`, `name`, `parent_id`, `permission`, `is_available`) VALUES ('35', '需求列表', '30', 'demand:list', '1');
INSERT INTO `patent`.`sys_resource` (`id`, `name`, `parent_id`, `permission`, `is_available`) VALUES ('36', '需求批量导入', '20', 'demand:import', '1');
INSERT INTO `patent`.`sys_resource` (`id`, `name`, `parent_id`, `permission`, `is_available`) VALUES ('40', '专利搜索记录管理', '1', 'search:patent:*', '1');
INSERT INTO `patent`.`sys_resource` (`id`, `name`, `parent_id`, `permission`, `is_available`) VALUES ('42', '专利搜索记录删除', '40', 'search:patent:delete', '1');
INSERT INTO `patent`.`sys_resource` (`id`, `name`, `parent_id`, `permission`, `is_available`) VALUES ('45', '专利搜索记录列表', '40', 'search:patent:list', '1');
INSERT INTO `patent`.`sys_resource` (`id`, `name`, `parent_id`, `permission`, `is_available`) VALUES ('46', '专利搜索记录批量转换', '40', 'search:patent:conversion', '1');
INSERT INTO `patent`.`sys_resource` (`id`, `name`, `parent_id`, `permission`, `is_available`) VALUES ('50', '需求搜索记录管理', '1', 'search:demand:*', '1');
INSERT INTO `patent`.`sys_resource` (`id`, `name`, `parent_id`, `permission`, `is_available`) VALUES ('52', '需求搜索记录删除', '50', 'search:demand:delete', '1');
INSERT INTO `patent`.`sys_resource` (`id`, `name`, `parent_id`, `permission`, `is_available`) VALUES ('55', '需求搜索记录列表', '50', 'search:demand:list', '1');
INSERT INTO `patent`.`sys_resource` (`id`, `name`, `parent_id`, `permission`, `is_available`) VALUES ('56', '需求搜索记录批量转换', '50', 'search:demand:conversion', '1');
INSERT INTO `patent`.`sys_resource` (`id`, `name`, `parent_id`, `permission`, `is_available`) VALUES ('60', '前台管理', '1', 'fontend:*', '1');
INSERT INTO `patent`.`sys_resource` (`id`, `name`, `parent_id`, `permission`, `is_available`) VALUES ('61', '前台找需求', '60', 'fontend:search:demand', '1');
INSERT INTO `patent`.`sys_resource` (`id`, `name`, `parent_id`, `permission`, `is_available`) VALUES ('62', '前台找专利', '60', 'fontend:search:patent', '1');
INSERT INTO `patent`.`sys_resource` (`id`, `name`, `parent_id`, `permission`, `is_available`) VALUES ('63', '前台结果筛选', '60', 'fontend:result:sift', '1');

INSERT INTO `patent`.`sys_user` (`id`, `username`, `qq`) VALUES ('1', 'admin', '1666066168');
INSERT INTO `patent`.`sys_user` (`id`, `username`, `qq`) VALUES ('2', 'jahen', '1761584177');
INSERT INTO `patent`.`sys_user` (`id`, `username`, `qq`) VALUES ('3', 'youke', '3188607991');
INSERT INTO `patent`.`sys_user` (`id`, `qq`) VALUES ('12', '18531536432');
INSERT INTO `patent`.`sys_user` (`id`, `qq`) VALUES ('13', '21780641187');
INSERT INTO `patent`.`sys_user` (`id`, `qq`) VALUES ('14', '17347272699');
INSERT INTO `patent`.`sys_user` (`id`, `qq`) VALUES ('15', '23101494497');
INSERT INTO `patent`.`sys_user` (`id`, `qq`) VALUES ('16', '21901173028');
INSERT INTO `patent`.`sys_user` (`id`, `qq`) VALUES ('17', '18808283604');
INSERT INTO `patent`.`sys_user` (`id`, `qq`) VALUES ('18', '12149377847');
INSERT INTO `patent`.`sys_user` (`id`, `qq`) VALUES ('19', '10781176712');
INSERT INTO `patent`.`sys_user` (`id`, `qq`) VALUES ('110', '19450822505');
INSERT INTO `patent`.`sys_user` (`id`, `qq`) VALUES ('111', '26983431225');
INSERT INTO `patent`.`sys_user` (`id`, `qq`) VALUES ('112', '16999407338');
INSERT INTO `patent`.`sys_user` (`id`, `qq`) VALUES ('113', '20684676907');
INSERT INTO `patent`.`sys_user` (`id`, `qq`) VALUES ('114', '11373327381');
INSERT INTO `patent`.`sys_user` (`id`, `qq`) VALUES ('115', '11180876363');
INSERT INTO `patent`.`sys_user` (`id`, `qq`) VALUES ('116', '14176997683');
INSERT INTO `patent`.`sys_user` (`id`, `qq`) VALUES ('117', '23429672697');
INSERT INTO `patent`.`sys_user` (`id`, `qq`) VALUES ('118', '28913153643');
INSERT INTO `patent`.`sys_user` (`id`, `qq`) VALUES ('119', '29591643870');
INSERT INTO `patent`.`sys_user` (`id`, `qq`) VALUES ('120', '15955494742');
INSERT INTO `patent`.`sys_user` (`id`, `qq`) VALUES ('121', '24305526162');
INSERT INTO `patent`.`sys_user` (`id`, `qq`) VALUES ('122', '15301370519');
INSERT INTO `patent`.`sys_user` (`id`, `qq`) VALUES ('123', '18063329069');
INSERT INTO `patent`.`sys_user` (`id`, `qq`) VALUES ('124', '13791873668');
INSERT INTO `patent`.`sys_user` (`id`, `qq`) VALUES ('125', '17269554120');
INSERT INTO `patent`.`sys_user` (`id`, `qq`) VALUES ('126', '15944075707');
INSERT INTO `patent`.`sys_user` (`id`, `qq`) VALUES ('127', '22228684908');
INSERT INTO `patent`.`sys_user` (`id`, `qq`) VALUES ('128', '23170381527');
INSERT INTO `patent`.`sys_user` (`id`, `qq`) VALUES ('129', '26031595148');
INSERT INTO `patent`.`sys_user` (`id`, `qq`) VALUES ('130', '26348938185');
INSERT INTO `patent`.`sys_user` (`id`, `qq`) VALUES ('131', '17537882963');
INSERT INTO `patent`.`sys_user` (`id`, `qq`) VALUES ('132', '25284177340');
INSERT INTO `patent`.`sys_user` (`id`, `qq`) VALUES ('133', '10321177177');
INSERT INTO `patent`.`sys_user` (`id`, `qq`) VALUES ('134', '27060640278');
INSERT INTO `patent`.`sys_user` (`id`, `qq`) VALUES ('135', '18179858244');
INSERT INTO `patent`.`sys_user` (`id`, `qq`) VALUES ('136', '10852617910');
INSERT INTO `patent`.`sys_user` (`id`, `qq`) VALUES ('137', '19676881600');
INSERT INTO `patent`.`sys_user` (`id`, `qq`) VALUES ('138', '13835216560');
INSERT INTO `patent`.`sys_user` (`id`, `qq`) VALUES ('139', '22303798526');
INSERT INTO `patent`.`sys_user` (`id`, `qq`) VALUES ('140', '19429551609');

INSERT INTO `patent`.`sys_user_role` (`id`, `user_id`, `role_id`) VALUES ('1', '1', '1');
INSERT INTO `patent`.`sys_user_role` (`id`, `user_id`, `role_id`) VALUES ('2', '2', '1');
INSERT INTO `patent`.`sys_user_role` (`id`, `user_id`, `role_id`) VALUES ('3', '3', '4');

INSERT INTO `patent`.`sys_role_resource` (`id`, `role_id`, `resource_id`) VALUES ('1', '1', '10');
INSERT INTO `patent`.`sys_role_resource` (`id`, `role_id`, `resource_id`) VALUES ('2', '1', '20');
INSERT INTO `patent`.`sys_role_resource` (`id`, `role_id`, `resource_id`) VALUES ('3', '1', '30');
INSERT INTO `patent`.`sys_role_resource` (`id`, `role_id`, `resource_id`) VALUES ('4', '1', '40');
INSERT INTO `patent`.`sys_role_resource` (`id`, `role_id`, `resource_id`) VALUES ('5', '1', '50');
INSERT INTO `patent`.`sys_role_resource` (`id`, `role_id`, `resource_id`) VALUES ('6', '1', '60');
INSERT INTO `patent`.`sys_role_resource` (`id`, `role_id`, `resource_id`) VALUES ('7', '2', '15');
INSERT INTO `patent`.`sys_role_resource` (`id`, `role_id`, `resource_id`) VALUES ('8', '2', '25');
INSERT INTO `patent`.`sys_role_resource` (`id`, `role_id`, `resource_id`) VALUES ('9', '2', '35');
INSERT INTO `patent`.`sys_role_resource` (`id`, `role_id`, `resource_id`) VALUES ('10', '2', '45');
INSERT INTO `patent`.`sys_role_resource` (`id`, `role_id`, `resource_id`) VALUES ('11', '2', '55');
INSERT INTO `patent`.`sys_role_resource` (`id`, `role_id`, `resource_id`) VALUES ('12', '2', '61');
INSERT INTO `patent`.`sys_role_resource` (`id`, `role_id`, `resource_id`) VALUES ('13', '2', '62');
INSERT INTO `patent`.`sys_role_resource` (`id`, `role_id`, `resource_id`) VALUES ('14', '2', '63');
INSERT INTO `patent`.`sys_role_resource` (`id`, `role_id`, `resource_id`) VALUES ('15', '3', '61');
INSERT INTO `patent`.`sys_role_resource` (`id`, `role_id`, `resource_id`) VALUES ('16', '3', '62');
INSERT INTO `patent`.`sys_role_resource` (`id`, `role_id`, `resource_id`) VALUES ('17', '3', '63');
# 明确了游客是登录了QQ，但业务需要，必须绑定QQ或手机号
# INSERT INTO `patent`.`sys_role_resource` (`id`, `role_id`, `resource_id`) VALUES ('18', '4', '61');
# INSERT INTO `patent`.`sys_role_resource` (`id`, `role_id`, `resource_id`) VALUES ('19', '4', '62');
# INSERT INTO `patent`.`sys_role_resource` (`id`, `role_id`, `resource_id`) VALUES ('20', '4', '63');

INSERT INTO `patent`.`patent_supply` (`id`, `user_id`, `patent_id`, `supply_time`) VALUES ('1', '1', '2017102343712', '2018-03-01 00:00:00');
INSERT INTO `patent`.`patent_supply` (`id`, `user_id`, `patent_id`, `supply_time`) VALUES ('2', '2', '2017102343723', '2018-03-02 00:00:00');
INSERT INTO `patent`.`patent_supply` (`id`, `user_id`, `patent_id`, `supply_time`) VALUES ('3', '3', '2017102343733', '2018-03-03 00:00:00');
INSERT INTO `patent`.`patent_supply` (`id`, `user_id`, `patent_id`, `supply_time`) VALUES ('4', '4', '2017102343743', '2018-03-04 00:00:00');
INSERT INTO `patent`.`patent_supply` (`id`, `user_id`, `patent_id`, `supply_time`) VALUES ('5', '5', '2017102343756', '2018-03-05 00:00:00');
INSERT INTO `patent`.`patent_supply` (`id`, `user_id`, `patent_id`, `supply_time`) VALUES ('6', '6', '2017102343763', '2018-03-06 00:00:00');
INSERT INTO `patent`.`patent_supply` (`id`, `user_id`, `patent_id`, `supply_time`) VALUES ('7', '7', '2017102343771', '2018-03-07 00:00:00');
INSERT INTO `patent`.`patent_supply` (`id`, `user_id`, `patent_id`, `supply_time`) VALUES ('8', '8', '2017102343782', '2018-03-08 00:00:00');


INSERT INTO `patent`.`patent_demand` (`id`, `content`, `user_id`, `demand_time`) VALUES ('1', '石油机械', '1', '2018/3/1');
INSERT INTO `patent`.`patent_demand` (`id`, `content`, `user_id`, `demand_time`) VALUES ('2', '物流系统', '2', '2018/3/2');
INSERT INTO `patent`.`patent_demand` (`id`, `content`, `user_id`, `demand_time`) VALUES ('3', '输送带的齿轮', '3', '2018/3/3');
INSERT INTO `patent`.`patent_demand` (`id`, `content`, `user_id`, `demand_time`) VALUES ('4', '汽车尾气处理液', '4', '2018/3/4');
INSERT INTO `patent`.`patent_demand` (`id`, `content`, `user_id`, `demand_time`) VALUES ('5', '电蚊拍', '5', '2018/3/5');
INSERT INTO `patent`.`patent_demand` (`id`, `content`, `user_id`, `demand_time`) VALUES ('6', '钻井装置', '6', '2018/3/6');
INSERT INTO `patent`.`patent_demand` (`id`, `content`, `user_id`, `demand_time`) VALUES ('7', '乳猪饲料', '7', '2018/3/7');
INSERT INTO `patent`.`patent_demand` (`id`, `content`, `user_id`, `demand_time`) VALUES ('8', '铁罐铁盒', '8', '2018/3/8');
INSERT INTO `patent`.`patent_demand` (`id`, `content`, `user_id`, `demand_time`) VALUES ('9', '包装盒', '9', '2018/3/9');
INSERT INTO `patent`.`patent_demand` (`id`, `content`, `user_id`, `demand_time`) VALUES ('10', '工程塑料', '10', '2018/3/10');
INSERT INTO `patent`.`patent_demand` (`id`, `content`, `user_id`, `demand_time`) VALUES ('11', '感应开关面板', '11', '2018/3/11');
INSERT INTO `patent`.`patent_demand` (`id`, `content`, `user_id`, `demand_time`) VALUES ('12', '桥梁', '12', '2018/3/12');
INSERT INTO `patent`.`patent_demand` (`id`, `content`, `user_id`, `demand_time`) VALUES ('13', '阀门', '13', '2018/3/13');
INSERT INTO `patent`.`patent_demand` (`id`, `content`, `user_id`, `demand_time`) VALUES ('14', '金属栏杆', '14', '2018/3/14');
INSERT INTO `patent`.`patent_demand` (`id`, `content`, `user_id`, `demand_time`) VALUES ('15', '智能门锁配件', '15', '2018/3/15');
INSERT INTO `patent`.`patent_demand` (`id`, `content`, `user_id`, `demand_time`) VALUES ('16', '电力', '16', '2018/3/16');
INSERT INTO `patent`.`patent_demand` (`id`, `content`, `user_id`, `demand_time`) VALUES ('17', '水冷机', '17', '2018/3/17');
INSERT INTO `patent`.`patent_demand` (`id`, `content`, `user_id`, `demand_time`) VALUES ('18', '制冷', '18', '2018/3/18');
INSERT INTO `patent`.`patent_demand` (`id`, `content`, `user_id`, `demand_time`) VALUES ('19', '焊丝', '19', '2018/3/19');
INSERT INTO `patent`.`patent_demand` (`id`, `content`, `user_id`, `demand_time`) VALUES ('20', '钢材', '20', '2018/3/20');
INSERT INTO `patent`.`patent_demand` (`id`, `content`, `user_id`, `demand_time`) VALUES ('21', '干细胞', '21', '2018/3/21');
INSERT INTO `patent`.`patent_demand` (`id`, `content`, `user_id`, `demand_time`) VALUES ('22', '消防灯', '22', '2018/3/22');
INSERT INTO `patent`.`patent_demand` (`id`, `content`, `user_id`, `demand_time`) VALUES ('23', '灯架', '23', '2018/3/23');
INSERT INTO `patent`.`patent_demand` (`id`, `content`, `user_id`, `demand_time`) VALUES ('24', '空压机', '24', '2018/3/24');
INSERT INTO `patent`.`patent_demand` (`id`, `content`, `user_id`, `demand_time`) VALUES ('25', 'EPS泡沫材料', '25', '2018/3/25');
INSERT INTO `patent`.`patent_demand` (`id`, `content`, `user_id`, `demand_time`) VALUES ('26', '视觉检测', '26', '2018/3/26');
INSERT INTO `patent`.`patent_demand` (`id`, `content`, `user_id`, `demand_time`) VALUES ('27', '造纸', '27', '2018/3/27');
INSERT INTO `patent`.`patent_demand` (`id`, `content`, `user_id`, `demand_time`) VALUES ('28', '模具', '28', '2018/3/28');
INSERT INTO `patent`.`patent_demand` (`id`, `content`, `user_id`, `demand_time`) VALUES ('29', '房屋建筑', '29', '2018/3/29');
INSERT INTO `patent`.`patent_demand` (`id`, `content`, `user_id`, `demand_time`) VALUES ('30', '中药饮片', '30', '2018/3/30');
INSERT INTO `patent`.`patent_demand` (`id`, `content`, `user_id`, `demand_time`) VALUES ('31', '蘑菇的种植大棚', '31', '2018/3/31');
INSERT INTO `patent`.`patent_demand` (`id`, `content`, `user_id`, `demand_time`) VALUES ('32', '纺织品', '32', '2018/4/1');
INSERT INTO `patent`.`patent_demand` (`id`, `content`, `user_id`, `demand_time`) VALUES ('33', '橡胶', '33', '2018/4/2');
INSERT INTO `patent`.`patent_demand` (`id`, `content`, `user_id`, `demand_time`) VALUES ('34', '玻璃纤维', '34', '2018/4/3');
INSERT INTO `patent`.`patent_demand` (`id`, `content`, `user_id`, `demand_time`) VALUES ('35', '电热水壶', '35', '2018/4/4');
INSERT INTO `patent`.`patent_demand` (`id`, `content`, `user_id`, `demand_time`) VALUES ('36', '混凝土', '36', '2018/4/5');
INSERT INTO `patent`.`patent_demand` (`id`, `content`, `user_id`, `demand_time`) VALUES ('37', '大数据', '37', '2018/4/6');
INSERT INTO `patent`.`patent_demand` (`id`, `content`, `user_id`, `demand_time`) VALUES ('38', '通讯', '38', '2018/4/7');
INSERT INTO `patent`.`patent_demand` (`id`, `content`, `user_id`, `demand_time`) VALUES ('39', '直流电机', '39', '2018/4/8');
INSERT INTO `patent`.`patent_demand` (`id`, `content`, `user_id`, `demand_time`) VALUES ('40', ' 铅酸蓄电池', '40', '2018/4/9');

INSERT INTO `patent`.`patent_sale` (`id`, `supply_id`, `demand_id`) VALUES ('1', '1', '1');

INSERT INTO `sys_admin` (`id`, `name`, `password`, `email`, `sex`)  VALUES ('1', 'admin', '123456', 'admin@126.com', '1');
INSERT INTO `sys_admin` (`id`, `name`, `password`, `email`, `sex`)  VALUES ('2', 'jahen', '123456', 'jahentao@qq.com', '1');
-- INSERT INTO `sys_admin` VALUES ('3', '貂蝉', '111111', 'dad@126.com', '0');
-- INSERT INTO `sys_admin` VALUES ('4', '王昭君', '111111', 'wangzhaojun@126.com', '0');
-- INSERT INTO `sys_admin` VALUES ('5', '老夫子', '111111', 'laofuzi@126.com', '1');
-- INSERT INTO `sys_admin` VALUES ('6', '后羿', '111111', 'houyi@126.com', '1');

INSERT INTO `patent`.`patent_demand_query` (`id`, `user_id`, `patent_id`, `name`, `query_time`) VALUES ('1', '1', '2017102343743', '一种汽车尾气处理液', '2018/5/1');

INSERT INTO `patent`.`patent_supply_query` (`id`, `user_id`, `key`, `query_time`) VALUES ('1', '1', '制冷设备', '2018/5/1');
